Id;Name;Size;Sex;Color;Category;Delivery time
TStW00UBla;Torba z nadrukiem Star Wars;ONE_SIZE;Unisex;Black;"6;12";60
TStW00UWhi;Torba z nadrukiem Star Wars;ONE_SIZE;Unisex;White;"6;12";60
TStW00UGry;Torba z nadrukiem Star Wars;ONE_SIZE;Unisex;Grey;"6;12";60
TStW00UEco;Torba z nadrukiem Star Wars;ONE_SIZE;Unisex;Eco;"6;12";60
THaP00UBla;Torba z nadrukiem Harry Potter;ONE_SIZE;Unisex;Black;"6;13";60
THaP00UWhi;Torba z nadrukiem Harry Potter;ONE_SIZE;Unisex;White;"6;13";60
THaP00UGry;Torba z nadrukiem Harry Potter;ONE_SIZE;Unisex;Grey;"6;13";60
THaP00UEco;Torba z nadrukiem Harry Potter;ONE_SIZE;Unisex;Eco;"6;13";60
TThS00UBla;Torba z nadrukiem The Simpsons;ONE_SIZE;Unisex;Black;"6;14";60
TThS00UWhi;Torba z nadrukiem The Simpsons;ONE_SIZE;Unisex;White;"6;14";60
TThS00UGry;Torba z nadrukiem The Simpsons;ONE_SIZE;Unisex;Grey;"6;14";60
TThS00UEco;Torba z nadrukiem The Simpsons;ONE_SIZE;Unisex;Eco;"6;14";60
TIrM00UBla;Torba z nadrukiem Iron Maiden;ONE_SIZE;Unisex;Black;"6;15";60
TIrM00UWhi;Torba z nadrukiem Iron Maiden;ONE_SIZE;Unisex;White;"6;15";60
TIrM00UGry;Torba z nadrukiem Iron Maiden;ONE_SIZE;Unisex;Grey;"6;15";60
TIrM00UEco;Torba z nadrukiem Iron Maiden;ONE_SIZE;Unisex;Eco;"6;15";60
TLeZ00UBla;Torba z nadrukiem Led Zeppelin;ONE_SIZE;Unisex;Black;"6;16";60
TLeZ00UWhi;Torba z nadrukiem Led Zeppelin;ONE_SIZE;Unisex;White;"6;16";60
TLeZ00UGry;Torba z nadrukiem Led Zeppelin;ONE_SIZE;Unisex;Grey;"6;16";60
TLeZ00UEco;Torba z nadrukiem Led Zeppelin;ONE_SIZE;Unisex;Eco;"6;17";60
TQeN00UBla;Torba z nadrukiem Queen;ONE_SIZE;Unisex;Black;"6;17";60
TQeN00UWhi;Torba z nadrukiem Queen;ONE_SIZE;Unisex;White;"6;17";60
TQeN00UGry;Torba z nadrukiem Queen;ONE_SIZE;Unisex;Grey;"6;17";60
TQeN00UEco;Torba z nadrukiem Queen;ONE_SIZE;Unisex;Eco;"6;17";60
TCzK00UBla;Torba z nadrukiem Czaszka;ONE_SIZE;Unisex;Black;"6;18";60
TCzK00UWhi;Torba z nadrukiem Czaszka;ONE_SIZE;Unisex;White;"6;18";60
TCzK00UGry;Torba z nadrukiem Czaszka;ONE_SIZE;Unisex;Grey;"6;18";60
TCzK00UEco;Torba z nadrukiem Czaszka;ONE_SIZE;Unisex;Eco;"6;18";60
TSeC00UBla;Torba z nadrukiem Serce;ONE_SIZE;Unisex;Black;"6;19";60
TSeC00UWhi;Torba z nadrukiem Serce;ONE_SIZE;Unisex;White;"6;19";60
TSeC00UGry;Torba z nadrukiem Serce;ONE_SIZE;Unisex;Grey;"6;19";60
TSeC00UEco;Torba z nadrukiem Serce;ONE_SIZE;Unisex;Eco;"6;19";60
TPlS00UBla;Torba z nadrukiem Platki Sniegu;ONE_SIZE;Unisex;Black;"6;20";60
TPlS00UWhi;Torba z nadrukiem Platki Sniegu;ONE_SIZE;Unisex;White;"6;20";60
TPlS00UGry;Torba z nadrukiem Platki Sniegu;ONE_SIZE;Unisex;Grey;"6;20";60
TPlS00UEco;Torba z nadrukiem Platki Sniegu;ONE_SIZE;Unisex;Eco;"6;20";60
QStW00UBla;Kubek z nadrukiem Star Wars;ONE_SIZE;Unisex;Black;"7;12";35
QStW00UWhi;Kubek z nadrukiem Star Wars;ONE_SIZE;Unisex;White;"7;12";35
QStW00UGry;Kubek z nadrukiem Star Wars;ONE_SIZE;Unisex;Grey;"7;12";35
QStW00UEco;Kubek z nadrukiem Star Wars;ONE_SIZE;Unisex;Eco;"7;12";35
QHaP00UBla;Kubek z nadrukiem Harry Potter;ONE_SIZE;Unisex;Black;"7;13";35
QHaP00UWhi;Kubek z nadrukiem Harry Potter;ONE_SIZE;Unisex;White;"7;13";35
QHaP00UGry;Kubek z nadrukiem Harry Potter;ONE_SIZE;Unisex;Grey;"7;13";35
QHaP00UEco;Kubek z nadrukiem Harry Potter;ONE_SIZE;Unisex;Eco;"7;13";35
QThS00UBla;Kubek z nadrukiem The Simpsons;ONE_SIZE;Unisex;Black;"7;14";35
QThS00UWhi;Kubek z nadrukiem The Simpsons;ONE_SIZE;Unisex;White;"7;14";35
QThS00UGry;Kubek z nadrukiem The Simpsons;ONE_SIZE;Unisex;Grey;"7;14";35
QThS00UEco;Kubek z nadrukiem The Simpsons;ONE_SIZE;Unisex;Eco;"7;14";35
QIrM00UBla;Kubek z nadrukiem Iron Maiden;ONE_SIZE;Unisex;Black;"7;15";35
QIrM00UWhi;Kubek z nadrukiem Iron Maiden;ONE_SIZE;Unisex;White;"7;15";35
QIrM00UGry;Kubek z nadrukiem Iron Maiden;ONE_SIZE;Unisex;Grey;"7;15";35
QIrM00UEco;Kubek z nadrukiem Iron Maiden;ONE_SIZE;Unisex;Eco;"7;15";35
QLeZ00UBla;Kubek z nadrukiem Led Zeppelin;ONE_SIZE;Unisex;Black;"7;16";35
QLeZ00UWhi;Kubek z nadrukiem Led Zeppelin;ONE_SIZE;Unisex;White;"7;16";35
QLeZ00UGry;Kubek z nadrukiem Led Zeppelin;ONE_SIZE;Unisex;Grey;"7;16";35
QLeZ00UEco;Kubek z nadrukiem Led Zeppelin;ONE_SIZE;Unisex;Eco;"7;16";35
QQeN00UBla;Kubek z nadrukiem Queen;ONE_SIZE;Unisex;Black;"7;17";35
QQeN00UWhi;Kubek z nadrukiem Queen;ONE_SIZE;Unisex;White;"7;17";35
QQeN00UGry;Kubek z nadrukiem Queen;ONE_SIZE;Unisex;Grey;"7;17";35
QQeN00UEco;Kubek z nadrukiem Queen;ONE_SIZE;Unisex;Eco;"7;17";35
QCzK00UBla;Kubek z nadrukiem Czaszka;ONE_SIZE;Unisex;Black;"7;18";35
QCzK00UWhi;Kubek z nadrukiem Czaszka;ONE_SIZE;Unisex;White;"7;18";35
QCzK00UGry;Kubek z nadrukiem Czaszka;ONE_SIZE;Unisex;Grey;"7;18";35
QSeC00UBla;Kubek z nadrukiem Serce;ONE_SIZE;Unisex;Black;"7;19";35
QSeC00UWhi;Kubek z nadrukiem Serce;ONE_SIZE;Unisex;White;"7;19";35
QSeC00UGry;Kubek z nadrukiem Serce;ONE_SIZE;Unisex;Grey;"7;19";35
QSeC00UPin;Kubek z nadrukiem Serce;ONE_SIZE;Unisex;Pink;"7;19";35
QPlS00UBla;Kubek z nadrukiem Platki Sniegu;ONE_SIZE;Unisex;Black;"7;20";35
QPlS00UWhi;Kubek z nadrukiem Platki Sniegu;ONE_SIZE;Unisex;White;"7;20";35
QPlS00UGry;Kubek z nadrukiem Platki Sniegu;ONE_SIZE;Unisex;Grey;"7;20";35
QPlS00UBlu;Kubek z nadrukiem Platki Sniegu;ONE_SIZE;Unisex;Blue;"7;20";35
CStW00UGry;Czapka z nadrukiem Star Wars;ONE_SIZE;Unisex;Grey;"8;12";25
CStW00UGrn;Czapka z nadrukiem Star Wars;ONE_SIZE;Unisex;Green;"8;12";25
CHaP00UBla;Czapka z nadrukiem Harry Potter;ONE_SIZE;Unisex;Black;"8;13";25
CHaP00UWhi;Czapka z nadrukiem Harry Potter;ONE_SIZE;Unisex;White;"8;13";25
CHaP00UGry;Czapka z nadrukiem Harry Potter;ONE_SIZE;Unisex;Grey;"8;13";25
CThS00UBla;Czapka z nadrukiem The Simpsons;ONE_SIZE;Unisex;Black;"8;14";25
CThS00UWhi;Czapka z nadrukiem The Simpsons;ONE_SIZE;Unisex;White;"8;14";25
CThS00URed;Czapka z nadrukiem The Simpsons;ONE_SIZE;Unisex;Red;"8;14";25
CIrM00UBla;Czapka z nadrukiem Iron Maiden;ONE_SIZE;Unisex;Black;"8;15";25
CIrM00UWhi;Czapka z nadrukiem Iron Maiden;ONE_SIZE;Unisex;White;"8;15";25
CIrM00UGry;Czapka z nadrukiem Iron Maiden;ONE_SIZE;Unisex;Grey;"8;15";25
CIrM00UEco;Czapka z nadrukiem Iron Maiden;ONE_SIZE;Unisex;Eco;"8;15";25
CIrM00UBlu;Czapka z nadrukiem Iron Maiden;ONE_SIZE;Unisex;Blue;"8;15";25
CQeN00UBla;Czapka z nadrukiem Queen;ONE_SIZE;Unisex;Black;"8;17";25
CQeN00UGry;Czapka z nadrukiem Queen;ONE_SIZE;Unisex;Grey;"8;17";25
CQeN00UPin;Czapka z nadrukiem Queen;ONE_SIZE;Unisex;Pink;"8;17";25
CQeN00UBlu;Czapka z nadrukiem Queen;ONE_SIZE;Unisex;Blue;"8;17";25
CSeC00UBla;Czapka z nadrukiem Serce;ONE_SIZE;Unisex;Black;"8;19";25
CSeC00UGry;Czapka z nadrukiem Serce;ONE_SIZE;Unisex;Grey;"8;19";25
CSeC00UPin;Czapka z nadrukiem Serce;ONE_SIZE;Unisex;Pink;"8;19";25
CSeC00UBlu;Czapka z nadrukiem Serce;ONE_SIZE;Unisex;Blue;"8;19";25
CSeC00URed;Czapka z nadrukiem Serce;ONE_SIZE;Unisex;Red;"8;19";25
CPlS00UBla;Czapka z nadrukiem Platki Sniegu;ONE_SIZE;Unisex;Black;"8;20";25
CPlS00UWhi;Czapka z nadrukiem Platki Sniegu;ONE_SIZE;Unisex;White;"8;20";25
CPlS00UPin;Czapka z nadrukiem Platki Sniegu;ONE_SIZE;Unisex;Pink;"8;20";25
CPlS00ULBl;Czapka z nadrukiem Platki Sniegu;ONE_SIZE;Unisex;Light Blue;"8;20";25
KStW01WBla;Koszulka z nadrukiem Star Wars;XS;Woman;Black;"5;12";40
KStW02WBla;Koszulka z nadrukiem Star Wars;S;Woman;Black;"5;12";40
KStW03WBla;Koszulka z nadrukiem Star Wars;M;Woman;Black;"5;12";40
KStW04WBla;Koszulka z nadrukiem Star Wars;L;Woman;Black;"5;12";40
KStW05WBla;Koszulka z nadrukiem Star Wars;XL;Woman;Black;"5;12";40
KStW01WWhi;Koszulka z nadrukiem Star Wars;XS;Woman;White;"5;12";40
KStW02WWhi;Koszulka z nadrukiem Star Wars;S;Woman;White;"5;12";40
KStW03WWhi;Koszulka z nadrukiem Star Wars;M;Woman;White;"5;12";40
KStW04WWhi;Koszulka z nadrukiem Star Wars;L;Woman;White;"5;12";40
KStW05WWhi;Koszulka z nadrukiem Star Wars;XL;Woman;White;"5;12";40
KStW01WGry;Koszulka z nadrukiem Star Wars;XS;Woman;Grey;"5;12";40
KStW02WGry;Koszulka z nadrukiem Star Wars;S;Woman;Grey;"5;12";40
KStW03WGry;Koszulka z nadrukiem Star Wars;M;Woman;Grey;"5;12";40
KStW04WGry;Koszulka z nadrukiem Star Wars;L;Woman;Grey;"5;12";40
KStW05WGry;Koszulka z nadrukiem Star Wars;XL;Woman;Grey;"5;12";40
KStW01WPin;Koszulka z nadrukiem Star Wars;XS;Woman;Pink;"5;12";40
KStW02WPin;Koszulka z nadrukiem Star Wars;S;Woman;Pink;"5;12";40
KStW03WPin;Koszulka z nadrukiem Star Wars;M;Woman;Pink;"5;12";40
KStW04WPin;Koszulka z nadrukiem Star Wars;L;Woman;Pink;"5;12";40
KStW05WPin;Koszulka z nadrukiem Star Wars;XL;Woman;Pink;"5;12";40
KStW01WLBl;Koszulka z nadrukiem Star Wars;XS;Woman;Light Blue;"5;12";40
KStW02WLBl;Koszulka z nadrukiem Star Wars;S;Woman;Light Blue;"5;12";40
KStW03WLBl;Koszulka z nadrukiem Star Wars;M;Woman;Light Blue;"5;12";40
KStW04WLBl;Koszulka z nadrukiem Star Wars;L;Woman;Light Blue;"5;12";40
KStW05WLBl;Koszulka z nadrukiem Star Wars;XL;Woman;Light Blue;"5;12";40
KStW01MBla;Koszulka z nadrukiem Star Wars;XS;Man;Black;"5;12";40
KStW02MBla;Koszulka z nadrukiem Star Wars;S;Man;Black;"5;12";40
KStW03MBla;Koszulka z nadrukiem Star Wars;M;Man;Black;"5;12";40
KStW04MBla;Koszulka z nadrukiem Star Wars;L;Man;Black;"5;12";40
KStW05MBla;Koszulka z nadrukiem Star Wars;XL;Man;Black;"5;12";40
KStW01MWhi;Koszulka z nadrukiem Star Wars;XS;Man;White;"5;12";40
KStW02MWhi;Koszulka z nadrukiem Star Wars;S;Man;White;"5;12";40
KStW03MWhi;Koszulka z nadrukiem Star Wars;M;Man;White;"5;12";40
KStW04MWhi;Koszulka z nadrukiem Star Wars;L;Man;White;"5;12";40
KStW05MWhi;Koszulka z nadrukiem Star Wars;XL;Man;White;"5;12";40
KStW01MGry;Koszulka z nadrukiem Star Wars;XS;Man;Grey;"5;12";40
KStW02MGry;Koszulka z nadrukiem Star Wars;S;Man;Grey;"5;12";40
KStW03MGry;Koszulka z nadrukiem Star Wars;M;Man;Grey;"5;12";40
KStW04MGry;Koszulka z nadrukiem Star Wars;L;Man;Grey;"5;12";40
KStW05MGry;Koszulka z nadrukiem Star Wars;XL;Man;Grey;"5;12";40
KStW01MRed;Koszulka z nadrukiem Star Wars;XS;Man;Red;"5;12";40
KStW02MRed;Koszulka z nadrukiem Star Wars;S;Man;Red;"5;12";40
KStW03MRed;Koszulka z nadrukiem Star Wars;M;Man;Red;"5;12";40
KStW04MRed;Koszulka z nadrukiem Star Wars;L;Man;Red;"5;12";40
KStW05MRed;Koszulka z nadrukiem Star Wars;XL;Man;Red;"5;12";40
KStW01MBlu;Koszulka z nadrukiem Star Wars;XS;Man;Blue;"5;12";40
KStW02MBlu;Koszulka z nadrukiem Star Wars;S;Man;Blue;"5;12";40
KStW03MBlu;Koszulka z nadrukiem Star Wars;M;Man;Blue;"5;12";40
KStW04MBlu;Koszulka z nadrukiem Star Wars;L;Man;Blue;"5;12";40
KStW05MBlu;Koszulka z nadrukiem Star Wars;XL;Man;Blue;"5;12";40
KHaP01WBla;Koszulka z nadrukiem Star Wars;XS;Woman;Black;"5;13";40
KHaP02WBla;Koszulka z nadrukiem Harry Potter;S;Woman;Black;"5;13";40
KHaP03WBla;Koszulka z nadrukiem Harry Potter;M;Woman;Black;"5;13";40
KHaP04WBla;Koszulka z nadrukiem Harry Potter;L;Woman;Black;"5;13";40
KHaP05WBla;Koszulka z nadrukiem Harry Potter;XL;Woman;Black;"5;13";40
KHaP01WWhi;Koszulka z nadrukiem Harry Potter;XS;Woman;White;"5;13";40
KHaP02WWhi;Koszulka z nadrukiem Harry Potter;S;Woman;White;"5;13";40
KHaP03WWhi;Koszulka z nadrukiem Harry Potter;M;Woman;White;"5;13";40
KHaP04WWhi;Koszulka z nadrukiem Harry Potter;L;Woman;White;"5;13";40
KHaP05WWhi;Koszulka z nadrukiem Harry Potter;XL;Woman;White;"5;13";40
KHaP01WGry;Koszulka z nadrukiem Harry Potter;XS;Woman;Grey;"5;13";40
KHaP02WGry;Koszulka z nadrukiem Harry Potter;S;Woman;Grey;"5;13";40
KHaP03WGry;Koszulka z nadrukiem Harry Potter;M;Woman;Grey;"5;13";40
KHaP04WGry;Koszulka z nadrukiem Harry Potter;L;Woman;Grey;"5;13";40
KHaP05WGry;Koszulka z nadrukiem Harry Potter;XL;Woman;Grey;"5;13";40
KHaP01WRed;Koszulka z nadrukiem Harry Potter;XS;Woman;Red;"5;13";40
KHaP02WRed;Koszulka z nadrukiem Harry Potter;S;Woman;Red;"5;13";40
KHaP03WRed;Koszulka z nadrukiem Harry Potter;M;Woman;Red;"5;13";40
KHaP04WRed;Koszulka z nadrukiem Harry Potter;L;Woman;Red;"5;13";40
KHaP05WRed;Koszulka z nadrukiem Harry Potter;XL;Woman;Red;"5;13";40
KHaP01WGrn;Koszulka z nadrukiem Harry Potter;XS;Woman;Green;"5;13";40
KHaP02WGrn;Koszulka z nadrukiem Harry Potter;S;Woman;Green;"5;13";40
KHaP03WGrn;Koszulka z nadrukiem Harry Potter;M;Woman;Green;"5;13";40
KHaP04WGrn;Koszulka z nadrukiem Harry Potter;L;Woman;Green;"5;13";40
KHaP05WGrn;Koszulka z nadrukiem Harry Potter;XL;Woman;Green;"5;13";40
KHaP01MBla;Koszulka z nadrukiem Harry Potter;XS;Man;Black;"5;13";40
KHaP02MBla;Koszulka z nadrukiem Harry Potter;S;Man;Black;"5;13";40
KHaP03MBla;Koszulka z nadrukiem Harry Potter;M;Man;Black;"5;13";40
KHaP04MBla;Koszulka z nadrukiem Harry Potter;L;Man;Black;"5;13";40
KHaP05MBla;Koszulka z nadrukiem Harry Potter;XL;Man;Black;"5;13";40
KHaP01MWhi;Koszulka z nadrukiem Harry Potter;XS;Man;White;"5;13";40
KHaP02MWhi;Koszulka z nadrukiem Harry Potter;S;Man;White;"5;13";40
KHaP03MWhi;Koszulka z nadrukiem Harry Potter;M;Man;White;"5;13";40
KHaP04MWhi;Koszulka z nadrukiem Harry Potter;L;Man;White;"5;13";40
KHaP05MWhi;Koszulka z nadrukiem Harry Potter;XL;Man;White;"5;13";40
KHaP01MGry;Koszulka z nadrukiem Harry Potter;XS;Man;Grey;"5;13";40
KHaP02MGry;Koszulka z nadrukiem Harry Potter;S;Man;Grey;"5;13";40
KHaP03MGry;Koszulka z nadrukiem Harry Potter;M;Man;Grey;"5;13";40
KHaP04MGry;Koszulka z nadrukiem Harry Potter;L;Man;Grey;"5;13";40
KHaP05MGry;Koszulka z nadrukiem Harry Potter;XL;Man;Grey;"5;13";40
KHaP01MRed;Koszulka z nadrukiem Harry Potter;XS;Man;Red;"5;13";40
KHaP02MRed;Koszulka z nadrukiem Harry Potter;S;Man;Red;"5;13";40
KHaP03MRed;Koszulka z nadrukiem Harry Potter;M;Man;Red;"5;13";40
KHaP04MRed;Koszulka z nadrukiem Harry Potter;L;Man;Red;"5;13";40
KHaP05MRed;Koszulka z nadrukiem Harry Potter;XL;Man;Red;"5;13";40
KHaP01MGrn;Koszulka z nadrukiem Harry Potter;XS;Man;Green;"5;13";40
KHaP02MGrn;Koszulka z nadrukiem Harry Potter;S;Man;Green;"5;13";40
KHaP03MGrn;Koszulka z nadrukiem Harry Potter;M;Man;Green;"5;13";40
KHaP04MGrn;Koszulka z nadrukiem Harry Potter;L;Man;Green;"5;13";40
KHaP05MGrn;Koszulka z nadrukiem Harry Potter;XL;Man;Green;"5;13";40
KThS01WBla;Koszulka z nadrukiem Harry Potter;XS;Woman;Black;"5;14";40
KThS02WBla;Koszulka z nadrukiem The Simpsons;S;Woman;Black;"5;14";40
KThS03WBla;Koszulka z nadrukiem The Simpsons;M;Woman;Black;"5;14";40
KThS04WBla;Koszulka z nadrukiem The Simpsons;L;Woman;Black;"5;14";40
KThS05WBla;Koszulka z nadrukiem The Simpsons;XL;Woman;Black;"5;14";40
KThS01WWhi;Koszulka z nadrukiem The Simpsons;XS;Woman;White;"5;14";40
KThS02WWhi;Koszulka z nadrukiem The Simpsons;S;Woman;White;"5;14";40
KThS03WWhi;Koszulka z nadrukiem The Simpsons;M;Woman;White;"5;14";40
KThS04WWhi;Koszulka z nadrukiem The Simpsons;L;Woman;White;"5;14";40
KThS05WWhi;Koszulka z nadrukiem The Simpsons;XL;Woman;White;"5;14";40
KThS01WLBl;Koszulka z nadrukiem The Simpsons;XS;Woman;Light Blue;"5;14";40
KThS02WLBl;Koszulka z nadrukiem The Simpsons;S;Woman;Light Blue;"5;14";40
KThS03WLBl;Koszulka z nadrukiem The Simpsons;M;Woman;Light Blue;"5;14";40
KThS04WLBl;Koszulka z nadrukiem The Simpsons;L;Woman;Light Blue;"5;14";40
KThS05WLBl;Koszulka z nadrukiem The Simpsons;XL;Woman;Light Blue;"5;14";40
KThS01WPin;Koszulka z nadrukiem The Simpsons;XS;Woman;Pink;"5;14";40
KThS02WPin;Koszulka z nadrukiem The Simpsons;S;Woman;Pink;"5;14";40
KThS03WPin;Koszulka z nadrukiem The Simpsons;M;Woman;Pink;"5;14";40
KThS04WPin;Koszulka z nadrukiem The Simpsons;L;Woman;Pink;"5;14";40
KThS05WPin;Koszulka z nadrukiem The Simpsons;XL;Woman;Pink;"5;14";40
KThS01WRed;Koszulka z nadrukiem The Simpsons;XS;Woman;Red;"5;14";40
KThS02WRed;Koszulka z nadrukiem The Simpsons;S;Woman;Red;"5;14";40
KThS03WRed;Koszulka z nadrukiem The Simpsons;M;Woman;Red;"5;14";40
KThS04WRed;Koszulka z nadrukiem The Simpsons;L;Woman;Red;"5;14";40
KThS05WRed;Koszulka z nadrukiem The Simpsons;XL;Woman;Red;"5;14";40
KThS01MBla;Koszulka z nadrukiem The Simpsons;XS;Man;Black;"5;14";40
KThS02MBla;Koszulka z nadrukiem The Simpsons;S;Man;Black;"5;14";40
KThS03MBla;Koszulka z nadrukiem The Simpsons;M;Man;Black;"5;14";40
KThS04MBla;Koszulka z nadrukiem The Simpsons;L;Man;Black;"5;14";40
KThS05MBla;Koszulka z nadrukiem The Simpsons;XL;Man;Black;"5;14";40
KThS01MWhi;Koszulka z nadrukiem The Simpsons;XS;Man;White;"5;14";40
KThS02MWhi;Koszulka z nadrukiem The Simpsons;S;Man;White;"5;14";40
KThS03MWhi;Koszulka z nadrukiem The Simpsons;M;Man;White;"5;14";40
KThS04MWhi;Koszulka z nadrukiem The Simpsons;L;Man;White;"5;14";40
KThS05MWhi;Koszulka z nadrukiem The Simpsons;XL;Man;White;"5;14";40
KThS01MLBl;Koszulka z nadrukiem The Simpsons;XS;Man;Light Blue;"5;14";40
KThS02MLBl;Koszulka z nadrukiem The Simpsons;S;Man;Light Blue;"5;14";40
KThS03MLBl;Koszulka z nadrukiem The Simpsons;M;Man;Light Blue;"5;14";40
KThS04MLBl;Koszulka z nadrukiem The Simpsons;L;Man;Light Blue;"5;14";40
KThS05MLBl;Koszulka z nadrukiem The Simpsons;XL;Man;Light Blue;"5;14";40
KThS01MPin;Koszulka z nadrukiem The Simpsons;XS;Man;Pink;"5;14";40
KThS02MPin;Koszulka z nadrukiem The Simpsons;S;Man;Pink;"5;14";40
KThS03MPin;Koszulka z nadrukiem The Simpsons;M;Man;Pink;"5;14";40
KThS04MPin;Koszulka z nadrukiem The Simpsons;L;Man;Pink;"5;14";40
KThS05MPin;Koszulka z nadrukiem The Simpsons;XL;Man;Pink;"5;14";40
KThS01MRed;Koszulka z nadrukiem The Simpsons;XS;Man;Red;"5;14";40
KThS02MRed;Koszulka z nadrukiem The Simpsons;S;Man;Red;"5;14";40
KThS03MRed;Koszulka z nadrukiem The Simpsons;M;Man;Red;"5;14";40
KThS04MRed;Koszulka z nadrukiem The Simpsons;L;Man;Red;"5;14";40
KThS05MRed;Koszulka z nadrukiem The Simpsons;XL;Man;Red;"5;14";40
KIrM01WBla;Koszulka z nadrukiem The Simpsons;XS;Woman;Black;"5;15";40
KIrM02WBla;Koszulka z nadrukiem Iron Maiden;S;Woman;Black;"5;15";40
KIrM03WBla;Koszulka z nadrukiem Iron Maiden;M;Woman;Black;"5;15";40
KIrM04WBla;Koszulka z nadrukiem Iron Maiden;L;Woman;Black;"5;15";40
KIrM05WBla;Koszulka z nadrukiem Iron Maiden;XL;Woman;Black;"5;15";40
KIrM01WGry;Koszulka z nadrukiem Iron Maiden;XS;Woman;Grey;"5;15";40
KIrM02WGry;Koszulka z nadrukiem Iron Maiden;S;Woman;Grey;"5;15";40
KIrM03WGry;Koszulka z nadrukiem Iron Maiden;M;Woman;Grey;"5;15";40
KIrM04WGry;Koszulka z nadrukiem Iron Maiden;L;Woman;Grey;"5;15";40
KIrM05WGry;Koszulka z nadrukiem Iron Maiden;XL;Woman;Grey;"5;15";40
KIrM01MBla;Koszulka z nadrukiem Iron Maiden;XS;Man;Black;"5;15";40
KIrM02MBla;Koszulka z nadrukiem Iron Maiden;S;Man;Black;"5;15";40
KIrM03MBla;Koszulka z nadrukiem Iron Maiden;M;Man;Black;"5;15";40
KIrM04MBla;Koszulka z nadrukiem Iron Maiden;L;Man;Black;"5;15";40
KIrM05MBla;Koszulka z nadrukiem Iron Maiden;XL;Man;Black;"5;15";40
KIrM01MGry;Koszulka z nadrukiem Iron Maiden;XS;Man;Grey;"5;15";40
KIrM02MGry;Koszulka z nadrukiem Iron Maiden;S;Man;Grey;"5;15";40
KIrM03MGry;Koszulka z nadrukiem Iron Maiden;M;Man;Grey;"5;15";40
KIrM04MGry;Koszulka z nadrukiem Iron Maiden;L;Man;Grey;"5;15";40
KIrM05MGry;Koszulka z nadrukiem Iron Maiden;XL;Man;Grey;"5;15";40
KLeZ01WBla;Koszulka z nadrukiem Iron Maiden;XS;Woman;Black;"5;16";40
KLeZ02WBla;Koszulka z nadrukiem Led Zeppelin;S;Woman;Black;"5;16";40
KLeZ03WBla;Koszulka z nadrukiem Led Zeppelin;M;Woman;Black;"5;16";40
KLeZ04WBla;Koszulka z nadrukiem Led Zeppelin;L;Woman;Black;"5;16";40
KLeZ05WBla;Koszulka z nadrukiem Led Zeppelin;XL;Woman;Black;"5;16";40
KLeZ01WGry;Koszulka z nadrukiem Led Zeppelin;XS;Woman;Grey;"5;16";40
KLeZ02WGry;Koszulka z nadrukiem Led Zeppelin;S;Woman;Grey;"5;16";40
KLeZ03WGry;Koszulka z nadrukiem Led Zeppelin;M;Woman;Grey;"5;16";40
KLeZ04WGry;Koszulka z nadrukiem Led Zeppelin;L;Woman;Grey;"5;16";40
KLeZ05WGry;Koszulka z nadrukiem Led Zeppelin;XL;Woman;Grey;"5;16";40
KLeZ01MBla;Koszulka z nadrukiem Led Zeppelin;XS;Man;Black;"5;16";40
KLeZ02MBla;Koszulka z nadrukiem Led Zeppelin;S;Man;Black;"5;16";40
KLeZ03MBla;Koszulka z nadrukiem Led Zeppelin;M;Man;Black;"5;16";40
KLeZ04MBla;Koszulka z nadrukiem Led Zeppelin;L;Man;Black;"5;16";40
KLeZ05MBla;Koszulka z nadrukiem Led Zeppelin;XL;Man;Black;"5;16";40
KLeZ01MGry;Koszulka z nadrukiem Led Zeppelin;XS;Man;Grey;"5;16";40
KLeZ02MGry;Koszulka z nadrukiem Led Zeppelin;S;Man;Grey;"5;16";40
KLeZ03MGry;Koszulka z nadrukiem Led Zeppelin;M;Man;Grey;"5;16";40
KLeZ04MGry;Koszulka z nadrukiem Led Zeppelin;L;Man;Grey;"5;16";40
KLeZ05MGry;Koszulka z nadrukiem Led Zeppelin;XL;Man;Grey;"5;16";40
KQeN01WWhi;Koszulka z nadrukiem Led Zeppelin;XS;Woman;White;"5;17";40
KQeN02WWhi;Koszulka z nadrukiem Queen;S;Woman;White;"5;17";40
KQeN03WWhi;Koszulka z nadrukiem Queen;M;Woman;White;"5;17";40
KQeN04WWhi;Koszulka z nadrukiem Queen;L;Woman;White;"5;17";40
KQeN05WWhi;Koszulka z nadrukiem Queen;XL;Woman;White;"5;17";40
KQeN01WBla;Koszulka z nadrukiem Queen;XS;Woman;Black;"5;17";40
KQeN02WBla;Koszulka z nadrukiem Queen;S;Woman;Black;"5;17";40
KQeN03WBla;Koszulka z nadrukiem Queen;M;Woman;Black;"5;17";40
KQeN04WBla;Koszulka z nadrukiem Queen;L;Woman;Black;"5;17";40
KQeN05WBla;Koszulka z nadrukiem Queen;XL;Woman;Black;"5;17";40
KQeN01WGry;Koszulka z nadrukiem Queen;XS;Woman;Grey;"5;17";40
KQeN02WGry;Koszulka z nadrukiem Queen;S;Woman;Grey;"5;17";40
KQeN03WGry;Koszulka z nadrukiem Queen;M;Woman;Grey;"5;17";40
KQeN04WGry;Koszulka z nadrukiem Queen;L;Woman;Grey;"5;17";40
KQeN05WGry;Koszulka z nadrukiem Queen;XL;Woman;Grey;"5;17";40
KQeN01MWhi;Koszulka z nadrukiem Queen;XS;Man;White;"5;17";40
KQeN02MWhi;Koszulka z nadrukiem Queen;S;Man;White;"5;17";40
KQeN03MWhi;Koszulka z nadrukiem Queen;M;Man;White;"5;17";40
KQeN04MWhi;Koszulka z nadrukiem Queen;L;Man;White;"5;17";40
KQeN05MWhi;Koszulka z nadrukiem Queen;XL;Man;White;"5;17";40
KQeN01MBla;Koszulka z nadrukiem Queen;XS;Man;Black;"5;17";40
KQeN02MBla;Koszulka z nadrukiem Queen;S;Man;Black;"5;17";40
KQeN03MBla;Koszulka z nadrukiem Queen;M;Man;Black;"5;17";40
KQeN04MBla;Koszulka z nadrukiem Queen;L;Man;Black;"5;17";40
KQeN05MBla;Koszulka z nadrukiem Queen;XL;Man;Black;"5;17";40
KQeN01MGry;Koszulka z nadrukiem Queen;XS;Man;Grey;"5;17";40
KQeN02MGry;Koszulka z nadrukiem Queen;S;Man;Grey;"5;17";40
KQeN03MGry;Koszulka z nadrukiem Queen;M;Man;Grey;"5;17";40
KQeN04MGry;Koszulka z nadrukiem Queen;L;Man;Grey;"5;17";40
KQeN05MGry;Koszulka z nadrukiem Queen;XL;Man;Grey;"5;17";40
KCzK01WBla;Koszulka z nadrukiem Queen;XS;Woman;Black;"5;18";40
KCzK02WBla;Koszulka z nadrukiem Czaszka;S;Woman;Black;"5;18";40
KCzK03WBla;Koszulka z nadrukiem Czaszka;M;Woman;Black;"5;18";40
KCzK04WBla;Koszulka z nadrukiem Czaszka;L;Woman;Black;"5;18";40
KCzK05WBla;Koszulka z nadrukiem Czaszka;XL;Woman;Black;"5;18";40
KCzK01WWhi;Koszulka z nadrukiem Czaszka;XS;Woman;White;"5;18";40
KCzK02WWhi;Koszulka z nadrukiem Czaszka;S;Woman;White;"5;18";40
KCzK03WWhi;Koszulka z nadrukiem Czaszka;M;Woman;White;"5;18";40
KCzK04WWhi;Koszulka z nadrukiem Czaszka;L;Woman;White;"5;18";40
KCzK05WWhi;Koszulka z nadrukiem Czaszka;XL;Woman;White;"5;18";40
KCzK01MBla;Koszulka z nadrukiem Czaszka;XS;Man;Black;"5;18";40
KCzK02MBla;Koszulka z nadrukiem Czaszka;S;Man;Black;"5;18";40
KCzK03MBla;Koszulka z nadrukiem Czaszka;M;Man;Black;"5;18";40
KCzK04MBla;Koszulka z nadrukiem Czaszka;L;Man;Black;"5;18";40
KCzK05MBla;Koszulka z nadrukiem Czaszka;XL;Man;Black;"5;18";40
KCzK01MWhi;Koszulka z nadrukiem Czaszka;XS;Man;White;"5;18";40
KCzK02MWhi;Koszulka z nadrukiem Czaszka;S;Man;White;"5;18";40
KCzK03MWhi;Koszulka z nadrukiem Czaszka;M;Man;White;"5;18";40
KCzK04MWhi;Koszulka z nadrukiem Czaszka;L;Man;White;"5;18";40
KCzK05MWhi;Koszulka z nadrukiem Czaszka;XL;Man;White;"5;18";40
KSeC01WBla;Koszulka z nadrukiem Czaszka;XS;Woman;Black;"5;19";40
KSeC02WBla;Koszulka z nadrukiem Serce;S;Woman;Black;"5;19";40
KSeC03WBla;Koszulka z nadrukiem Serce;M;Woman;Black;"5;19";40
KSeC04WBla;Koszulka z nadrukiem Serce;L;Woman;Black;"5;19";40
KSeC05WBla;Koszulka z nadrukiem Serce;XL;Woman;Black;"5;19";40
KSeC01WPin;Koszulka z nadrukiem Serce;XS;Woman;Pink;"5;19";40
KSeC02WPin;Koszulka z nadrukiem Serce;S;Woman;Pink;"5;19";40
KSeC03WPin;Koszulka z nadrukiem Serce;M;Woman;Pink;"5;19";40
KSeC04WPin;Koszulka z nadrukiem Serce;L;Woman;Pink;"5;19";40
KSeC05WPin;Koszulka z nadrukiem Serce;XL;Woman;Pink;"5;19";40
KSeC01WRed;Koszulka z nadrukiem Serce;XS;Woman;Red;"5;19";40
KSeC02WRed;Koszulka z nadrukiem Serce;S;Woman;Red;"5;19";40
KSeC03WRed;Koszulka z nadrukiem Serce;M;Woman;Red;"5;19";40
KSeC04WRed;Koszulka z nadrukiem Serce;L;Woman;Red;"5;19";40
KSeC05WRed;Koszulka z nadrukiem Serce;XL;Woman;Red;"5;19";40
KSeC01MBla;Koszulka z nadrukiem Serce;XS;Man;Black;"5;19";40
KSeC02MBla;Koszulka z nadrukiem Serce;S;Man;Black;"5;19";40
KSeC03MBla;Koszulka z nadrukiem Serce;M;Man;Black;"5;19";40
KSeC04MBla;Koszulka z nadrukiem Serce;L;Man;Black;"5;19";40
KSeC05MBla;Koszulka z nadrukiem Serce;XL;Man;Black;"5;19";40
KSeC01MPin;Koszulka z nadrukiem Serce;XS;Man;Pink;"5;19";40
KSeC02MPin;Koszulka z nadrukiem Serce;S;Man;Pink;"5;19";40
KSeC03MPin;Koszulka z nadrukiem Serce;M;Man;Pink;"5;19";40
KSeC04MPin;Koszulka z nadrukiem Serce;L;Man;Pink;"5;19";40
KSeC05MPin;Koszulka z nadrukiem Serce;XL;Man;Pink;"5;19";40
KSeC01MRed;Koszulka z nadrukiem Serce;XS;Man;Red;"5;19";40
KSeC02MRed;Koszulka z nadrukiem Serce;S;Man;Red;"5;19";40
KSeC03MRed;Koszulka z nadrukiem Serce;M;Man;Red;"5;19";40
KSeC04MRed;Koszulka z nadrukiem Serce;L;Man;Red;"5;19";40
KSeC05MRed;Koszulka z nadrukiem Serce;XL;Man;Red;"5;19";40
KPlS01WBlu;Koszulka z nadrukiem Serce;XS;Woman;Blue;"5;20";40
KPlS02WBlu;Koszulka z nadrukiem Platki Sniegu;S;Woman;Blue;"5;20";40
KPlS03WBlu;Koszulka z nadrukiem Platki Sniegu;M;Woman;Blue;"5;20";40
KPlS04WBlu;Koszulka z nadrukiem Platki Sniegu;L;Woman;Blue;"5;20";40
KPlS05WBlu;Koszulka z nadrukiem Platki Sniegu;XL;Woman;Blue;"5;20";40
KPlS01WLBl;Koszulka z nadrukiem Platki Sniegu;XS;Woman;Light Blue;"5;20";40
KPlS02WLBl;Koszulka z nadrukiem Platki Sniegu;S;Woman;Light Blue;"5;20";40
KPlS03WLBl;Koszulka z nadrukiem Platki Sniegu;M;Woman;Light Blue;"5;20";40
KPlS04WLBl;Koszulka z nadrukiem Platki Sniegu;L;Woman;Light Blue;"5;20";40
KPlS05WLBl;Koszulka z nadrukiem Platki Sniegu;XL;Woman;Light Blue;"5;20";40
KPlS01WWhi;Koszulka z nadrukiem Platki Sniegu;XS;Woman;White;"5;20";40
KPlS02WWhi;Koszulka z nadrukiem Platki Sniegu;S;Woman;White;"5;20";40
KPlS03WWhi;Koszulka z nadrukiem Platki Sniegu;M;Woman;White;"5;20";40
KPlS04WWhi;Koszulka z nadrukiem Platki Sniegu;L;Woman;White;"5;20";40
KPlS05WWhi;Koszulka z nadrukiem Platki Sniegu;XL;Woman;White;"5;20";40
KPlS01MBlu;Koszulka z nadrukiem Platki Sniegu;XS;Man;Blue;"5;20";40
KPlS02MBlu;Koszulka z nadrukiem Platki Sniegu;S;Man;Blue;"5;20";40
KPlS03MBlu;Koszulka z nadrukiem Platki Sniegu;M;Man;Blue;"5;20";40
KPlS04MBlu;Koszulka z nadrukiem Platki Sniegu;L;Man;Blue;"5;20";40
KPlS05MBlu;Koszulka z nadrukiem Platki Sniegu;XL;Man;Blue;"5;20";40
KPlS01MLBl;Koszulka z nadrukiem Platki Sniegu;XS;Man;Light Blue;"5;20";40
KPlS02MLBl;Koszulka z nadrukiem Platki Sniegu;S;Man;Light Blue;"5;20";40
KPlS03MLBl;Koszulka z nadrukiem Platki Sniegu;M;Man;Light Blue;"5;20";40
KPlS04MLBl;Koszulka z nadrukiem Platki Sniegu;L;Man;Light Blue;"5;20";40
KPlS05MLBl;Koszulka z nadrukiem Platki Sniegu;XL;Man;Light Blue;"5;20";40
KPlS01MWhi;Koszulka z nadrukiem Platki Sniegu;XS;Man;White;"5;20";40
KPlS02MWhi;Koszulka z nadrukiem Platki Sniegu;S;Man;White;"5;20";40
KPlS03MWhi;Koszulka z nadrukiem Platki Sniegu;M;Man;White;"5;20";40
KPlS04MWhi;Koszulka z nadrukiem Platki Sniegu;L;Man;White;"5;20";40
KPlS05MWhi;Koszulka z nadrukiem Platki Sniegu;XL;Man;White;"5;20";40
BStW01WBla;Bluza z nadrukiem Star Wars;XS;Woman;Black;"4;12";60
BStW02WBla;Bluza z nadrukiem Star Wars;S;Woman;Black;"4;12";60
BStW03WBla;Bluza z nadrukiem Star Wars;M;Woman;Black;"4;12";60
BStW04WBla;Bluza z nadrukiem Star Wars;L;Woman;Black;"4;12";60
BStW05WBla;Bluza z nadrukiem Star Wars;XL;Woman;Black;"4;12";60
BStW01WWhi;Bluza z nadrukiem Star Wars;XS;Woman;White;"4;12";60
BStW02WWhi;Bluza z nadrukiem Star Wars;S;Woman;White;"4;12";60
BStW03WWhi;Bluza z nadrukiem Star Wars;M;Woman;White;"4;12";60
BStW04WWhi;Bluza z nadrukiem Star Wars;L;Woman;White;"4;12";60
BStW05WWhi;Bluza z nadrukiem Star Wars;XL;Woman;White;"4;12";60
BStW01WGry;Bluza z nadrukiem Star Wars;XS;Woman;Grey;"4;12";60
BStW02WGry;Bluza z nadrukiem Star Wars;S;Woman;Grey;"4;12";60
BStW03WGry;Bluza z nadrukiem Star Wars;M;Woman;Grey;"4;12";60
BStW04WGry;Bluza z nadrukiem Star Wars;L;Woman;Grey;"4;12";60
BStW05WGry;Bluza z nadrukiem Star Wars;XL;Woman;Grey;"4;12";60
BStW01WPin;Bluza z nadrukiem Star Wars;XS;Woman;Pink;"4;12";60
BStW02WPin;Bluza z nadrukiem Star Wars;S;Woman;Pink;"4;12";60
BStW03WPin;Bluza z nadrukiem Star Wars;M;Woman;Pink;"4;12";60
BStW04WPin;Bluza z nadrukiem Star Wars;L;Woman;Pink;"4;12";60
BStW05WPin;Bluza z nadrukiem Star Wars;XL;Woman;Pink;"4;12";60
BStW01WLBl;Bluza z nadrukiem Star Wars;XS;Woman;Light Blue;"4;12";60
BStW02WLBl;Bluza z nadrukiem Star Wars;S;Woman;Light Blue;"4;12";60
BStW03WLBl;Bluza z nadrukiem Star Wars;M;Woman;Light Blue;"4;12";60
BStW04WLBl;Bluza z nadrukiem Star Wars;L;Woman;Light Blue;"4;12";60
BStW05WLBl;Bluza z nadrukiem Star Wars;XL;Woman;Light Blue;"4;12";60
BStW01MBla;Bluza z nadrukiem Star Wars;XS;Man;Black;"4;12";60
BStW02MBla;Bluza z nadrukiem Star Wars;S;Man;Black;"4;12";60
BStW03MBla;Bluza z nadrukiem Star Wars;M;Man;Black;"4;12";60
BStW04MBla;Bluza z nadrukiem Star Wars;L;Man;Black;"4;12";60
BStW05MBla;Bluza z nadrukiem Star Wars;XL;Man;Black;"4;12";60
BStW01MWhi;Bluza z nadrukiem Star Wars;XS;Man;White;"4;12";60
BStW02MWhi;Bluza z nadrukiem Star Wars;S;Man;White;"4;12";60
BStW03MWhi;Bluza z nadrukiem Star Wars;M;Man;White;"4;12";60
BStW04MWhi;Bluza z nadrukiem Star Wars;L;Man;White;"4;12";60
BStW05MWhi;Bluza z nadrukiem Star Wars;XL;Man;White;"4;12";60
BStW01MGry;Bluza z nadrukiem Star Wars;XS;Man;Grey;"4;12";60
BStW02MGry;Bluza z nadrukiem Star Wars;S;Man;Grey;"4;12";60
BStW03MGry;Bluza z nadrukiem Star Wars;M;Man;Grey;"4;12";60
BStW04MGry;Bluza z nadrukiem Star Wars;L;Man;Grey;"4;12";60
BStW05MGry;Bluza z nadrukiem Star Wars;XL;Man;Grey;"4;12";60
BStW01MRed;Bluza z nadrukiem Star Wars;XS;Man;Red;"4;12";60
BStW02MRed;Bluza z nadrukiem Star Wars;S;Man;Red;"4;12";60
BStW03MRed;Bluza z nadrukiem Star Wars;M;Man;Red;"4;12";60
BStW04MRed;Bluza z nadrukiem Star Wars;L;Man;Red;"4;12";60
BStW05MRed;Bluza z nadrukiem Star Wars;XL;Man;Red;"4;12";60
BStW01MBlu;Bluza z nadrukiem Star Wars;XS;Man;Blue;"4;12";60
BStW02MBlu;Bluza z nadrukiem Star Wars;S;Man;Blue;"4;12";60
BStW03MBlu;Bluza z nadrukiem Star Wars;M;Man;Blue;"4;12";60
BStW04MBlu;Bluza z nadrukiem Star Wars;L;Man;Blue;"4;12";60
BStW05MBlu;Bluza z nadrukiem Star Wars;XL;Man;Blue;"4;12";60
BHaP01WBla;Bluza z nadrukiem Harry Potter;XS;Woman;Black;"4;13";60
BHaP02WBla;Bluza z nadrukiem Harry Potter;S;Woman;Black;"4;13";60
BHaP03WBla;Bluza z nadrukiem Harry Potter;M;Woman;Black;"4;13";60
BHaP04WBla;Bluza z nadrukiem Harry Potter;L;Woman;Black;"4;13";60
BHaP05WBla;Bluza z nadrukiem Harry Potter;XL;Woman;Black;"4;13";60
BHaP01WWhi;Bluza z nadrukiem Harry Potter;XS;Woman;White;"4;13";60
BHaP02WWhi;Bluza z nadrukiem Harry Potter;S;Woman;White;"4;13";60
BHaP03WWhi;Bluza z nadrukiem Harry Potter;M;Woman;White;"4;13";60
BHaP04WWhi;Bluza z nadrukiem Harry Potter;L;Woman;White;"4;13";60
BHaP05WWhi;Bluza z nadrukiem Harry Potter;XL;Woman;White;"4;13";60
BHaP01WGry;Bluza z nadrukiem Harry Potter;XS;Woman;Grey;"4;13";60
BHaP02WGry;Bluza z nadrukiem Harry Potter;S;Woman;Grey;"4;13";60
BHaP03WGry;Bluza z nadrukiem Harry Potter;M;Woman;Grey;"4;13";60
BHaP04WGry;Bluza z nadrukiem Harry Potter;L;Woman;Grey;"4;13";60
BHaP05WGry;Bluza z nadrukiem Harry Potter;XL;Woman;Grey;"4;13";60
BHaP01WPin;Bluza z nadrukiem Harry Potter;XS;Woman;Pink;"4;13";60
BHaP02WPin;Bluza z nadrukiem Harry Potter;S;Woman;Pink;"4;13";60
BHaP03WPin;Bluza z nadrukiem Harry Potter;M;Woman;Pink;"4;13";60
BHaP04WPin;Bluza z nadrukiem Harry Potter;L;Woman;Pink;"4;13";60
BHaP05WPin;Bluza z nadrukiem Harry Potter;XL;Woman;Pink;"4;13";60
BHaP01WLBl;Bluza z nadrukiem Harry Potter;XS;Woman;Light Blue;"4;13";60
BHaP02WLBl;Bluza z nadrukiem Harry Potter;S;Woman;Light Blue;"4;13";60
BHaP03WLBl;Bluza z nadrukiem Harry Potter;M;Woman;Light Blue;"4;13";60
BHaP04WLBl;Bluza z nadrukiem Harry Potter;L;Woman;Light Blue;"4;13";60
BHaP05WLBl;Bluza z nadrukiem Harry Potter;XL;Woman;Light Blue;"4;13";60
BHaP01MBla;Bluza z nadrukiem Harry Potter;XS;Man;Black;"4;13";60
BHaP02MBla;Bluza z nadrukiem Harry Potter;S;Man;Black;"4;13";60
BHaP03MBla;Bluza z nadrukiem Harry Potter;M;Man;Black;"4;13";60
BHaP04MBla;Bluza z nadrukiem Harry Potter;L;Man;Black;"4;13";60
BHaP05MBla;Bluza z nadrukiem Harry Potter;XL;Man;Black;"4;13";60
BHaP01MWhi;Bluza z nadrukiem Harry Potter;XS;Man;White;"4;13";60
BHaP02MWhi;Bluza z nadrukiem Harry Potter;S;Man;White;"4;13";60
BHaP03MWhi;Bluza z nadrukiem Harry Potter;M;Man;White;"4;13";60
BHaP04MWhi;Bluza z nadrukiem Harry Potter;L;Man;White;"4;13";60
BHaP05MWhi;Bluza z nadrukiem Harry Potter;XL;Man;White;"4;13";60
BHaP01MGry;Bluza z nadrukiem Harry Potter;XS;Man;Grey;"4;13";60
BHaP02MGry;Bluza z nadrukiem Harry Potter;S;Man;Grey;"4;13";60
BHaP03MGry;Bluza z nadrukiem Harry Potter;M;Man;Grey;"4;13";60
BHaP04MGry;Bluza z nadrukiem Harry Potter;L;Man;Grey;"4;13";60
BHaP05MGry;Bluza z nadrukiem Harry Potter;XL;Man;Grey;"4;13";60
BHaP01MRed;Bluza z nadrukiem Harry Potter;XS;Man;Red;"4;13";60
BHaP02MRed;Bluza z nadrukiem Harry Potter;S;Man;Red;"4;13";60
BHaP03MRed;Bluza z nadrukiem Harry Potter;M;Man;Red;"4;13";60
BHaP04MRed;Bluza z nadrukiem Harry Potter;L;Man;Red;"4;13";60
BHaP05MRed;Bluza z nadrukiem Harry Potter;XL;Man;Red;"4;13";60
BHaP01MBlu;Bluza z nadrukiem Harry Potter;XS;Man;Blue;"4;13";60
BHaP02MBlu;Bluza z nadrukiem Harry Potter;S;Man;Blue;"4;13";60
BHaP03MBlu;Bluza z nadrukiem Harry Potter;M;Man;Blue;"4;13";60
BHaP04MBlu;Bluza z nadrukiem Harry Potter;L;Man;Blue;"4;13";60
BHaP05MBlu;Bluza z nadrukiem Harry Potter;XL;Man;Blue;"4;13";60
BThS01WBla;Bluza z nadrukiem The Simpsons;XS;Woman;Black;"4;14";60
BThS02WBla;Bluza z nadrukiem The Simpsons;S;Woman;Black;"4;14";60
BThS03WBla;Bluza z nadrukiem The Simpsons;M;Woman;Black;"4;14";60
BThS04WBla;Bluza z nadrukiem The Simpsons;L;Woman;Black;"4;14";60
BThS05WBla;Bluza z nadrukiem The Simpsons;XL;Woman;Black;"4;14";60
BThS01WWhi;Bluza z nadrukiem The Simpsons;XS;Woman;White;"4;14";60
BThS02WWhi;Bluza z nadrukiem The Simpsons;S;Woman;White;"4;14";60
BThS03WWhi;Bluza z nadrukiem The Simpsons;M;Woman;White;"4;14";60
BThS04WWhi;Bluza z nadrukiem The Simpsons;L;Woman;White;"4;14";60
BThS05WWhi;Bluza z nadrukiem The Simpsons;XL;Woman;White;"4;14";60
BThS01WBlu;Bluza z nadrukiem The Simpsons;XS;Woman;Blue;"4;14";60
BThS02WBlu;Bluza z nadrukiem The Simpsons;S;Woman;Blue;"4;14";60
BThS03WBlu;Bluza z nadrukiem The Simpsons;M;Woman;Blue;"4;14";60
BThS04WBlu;Bluza z nadrukiem The Simpsons;L;Woman;Blue;"4;14";60
BThS05WBlu;Bluza z nadrukiem The Simpsons;XL;Woman;Blue;"4;14";60
BThS01WRed;Bluza z nadrukiem The Simpsons;XS;Woman;Red;"4;14";60
BThS02WRed;Bluza z nadrukiem The Simpsons;S;Woman;Red;"4;14";60
BThS03WRed;Bluza z nadrukiem The Simpsons;M;Woman;Red;"4;14";60
BThS04WRed;Bluza z nadrukiem The Simpsons;L;Woman;Red;"4;14";60
BThS05WRed;Bluza z nadrukiem The Simpsons;XL;Woman;Red;"4;14";60
BThS01MBla;Bluza z nadrukiem The Simpsons;XS;Man;Black;"4;14";60
BThS02MBla;Bluza z nadrukiem The Simpsons;S;Man;Black;"4;14";60
BThS03MBla;Bluza z nadrukiem The Simpsons;M;Man;Black;"4;14";60
BThS04MBla;Bluza z nadrukiem The Simpsons;L;Man;Black;"4;14";60
BThS05MBla;Bluza z nadrukiem The Simpsons;XL;Man;Black;"4;14";60
BThS01MWhi;Bluza z nadrukiem The Simpsons;XS;Man;White;"4;14";60
BThS02MWhi;Bluza z nadrukiem The Simpsons;S;Man;White;"4;14";60
BThS03MWhi;Bluza z nadrukiem The Simpsons;M;Man;White;"4;14";60
BThS04MWhi;Bluza z nadrukiem The Simpsons;L;Man;White;"4;14";60
BThS05MWhi;Bluza z nadrukiem The Simpsons;XL;Man;White;"4;14";60
BThS01MGry;Bluza z nadrukiem The Simpsons;XS;Man;Grey;"4;14";60
BThS02MGry;Bluza z nadrukiem The Simpsons;S;Man;Grey;"4;14";60
BThS03MGry;Bluza z nadrukiem The Simpsons;M;Man;Grey;"4;14";60
BThS04MGry;Bluza z nadrukiem The Simpsons;L;Man;Grey;"4;14";60
BThS05MGry;Bluza z nadrukiem The Simpsons;XL;Man;Grey;"4;14";60
BThS01MRed;Bluza z nadrukiem The Simpsons;XS;Man;Red;"4;14";60
BThS02MRed;Bluza z nadrukiem The Simpsons;S;Man;Red;"4;14";60
BThS03MRed;Bluza z nadrukiem The Simpsons;M;Man;Red;"4;14";60
BThS04MRed;Bluza z nadrukiem The Simpsons;L;Man;Red;"4;14";60
BThS05MRed;Bluza z nadrukiem The Simpsons;XL;Man;Red;"4;14";60
BThS01MBlu;Bluza z nadrukiem The Simpsons;XS;Man;Blue;"4;14";60
BThS02MBlu;Bluza z nadrukiem The Simpsons;S;Man;Blue;"4;14";60
BThS03MBlu;Bluza z nadrukiem The Simpsons;M;Man;Blue;"4;14";60
BThS04MBlu;Bluza z nadrukiem The Simpsons;L;Man;Blue;"4;14";60
BThS05MBlu;Bluza z nadrukiem The Simpsons;XL;Man;Blue;"4;14";60
BIrM01WBla;Bluza z nadrukiem Iron Maiden;XS;Woman;Black;"4;15";60
BIrM02WBla;Bluza z nadrukiem Iron Maiden;S;Woman;Black;"4;15";60
BIrM03WBla;Bluza z nadrukiem Iron Maiden;M;Woman;Black;"4;15";60
BIrM04WBla;Bluza z nadrukiem Iron Maiden;L;Woman;Black;"4;15";60
BIrM05WBla;Bluza z nadrukiem Iron Maiden;XL;Woman;Black;"4;15";60
BIrM01WWhi;Bluza z nadrukiem Iron Maiden;XS;Woman;White;"4;15";60
BIrM02WWhi;Bluza z nadrukiem Iron Maiden;S;Woman;White;"4;15";60
BIrM03WWhi;Bluza z nadrukiem Iron Maiden;M;Woman;White;"4;15";60
BIrM04WWhi;Bluza z nadrukiem Iron Maiden;L;Woman;White;"4;15";60
BIrM05WWhi;Bluza z nadrukiem Iron Maiden;XL;Woman;White;"4;15";60
BIrM01WGry;Bluza z nadrukiem Iron Maiden;XS;Woman;Grey;"4;15";60
BIrM02WGry;Bluza z nadrukiem Iron Maiden;S;Woman;Grey;"4;15";60
BIrM03WGry;Bluza z nadrukiem Iron Maiden;M;Woman;Grey;"4;15";60
BIrM04WGry;Bluza z nadrukiem Iron Maiden;L;Woman;Grey;"4;15";60
BIrM05WGry;Bluza z nadrukiem Iron Maiden;XL;Woman;Grey;"4;15";60
BIrM01MBla;Bluza z nadrukiem Iron Maiden;XS;Man;Black;"4;15";60
BIrM02MBla;Bluza z nadrukiem Iron Maiden;S;Man;Black;"4;15";60
BIrM03MBla;Bluza z nadrukiem Iron Maiden;M;Man;Black;"4;15";60
BIrM04MBla;Bluza z nadrukiem Iron Maiden;L;Man;Black;"4;15";60
BIrM05MBla;Bluza z nadrukiem Iron Maiden;XL;Man;Black;"4;15";60
BIrM01MWhi;Bluza z nadrukiem Iron Maiden;XS;Man;White;"4;15";60
BIrM02MWhi;Bluza z nadrukiem Iron Maiden;S;Man;White;"4;15";60
BIrM03MWhi;Bluza z nadrukiem Iron Maiden;M;Man;White;"4;15";60
BIrM04MWhi;Bluza z nadrukiem Iron Maiden;L;Man;White;"4;15";60
BIrM05MWhi;Bluza z nadrukiem Iron Maiden;XL;Man;White;"4;15";60
BIrM01MGry;Bluza z nadrukiem Iron Maiden;XS;Man;Grey;"4;15";60
BIrM02MGry;Bluza z nadrukiem Iron Maiden;S;Man;Grey;"4;15";60
BIrM03MGry;Bluza z nadrukiem Iron Maiden;M;Man;Grey;"4;15";60
BIrM04MGry;Bluza z nadrukiem Iron Maiden;L;Man;Grey;"4;15";60
BIrM05MGry;Bluza z nadrukiem Iron Maiden;XL;Man;Grey;"4;15";60
BLeZ01WBla;Bluza z nadrukiem Led Zeppelin;XS;Woman;Black;"4;16";60
BLeZ02WBla;Bluza z nadrukiem Led Zeppelin;S;Woman;Black;"4;16";60
BLeZ03WBla;Bluza z nadrukiem Led Zeppelin;M;Woman;Black;"4;16";60
BLeZ04WBla;Bluza z nadrukiem Led Zeppelin;L;Woman;Black;"4;16";60
BLeZ05WBla;Bluza z nadrukiem Led Zeppelin;XL;Woman;Black;"4;16";60
BLeZ01WRed;Bluza z nadrukiem Led Zeppelin;XS;Woman;Red;"4;16";60
BLeZ02WRed;Bluza z nadrukiem Led Zeppelin;S;Woman;Red;"4;16";60
BLeZ03WRed;Bluza z nadrukiem Led Zeppelin;M;Woman;Red;"4;16";60
BLeZ04WRed;Bluza z nadrukiem Led Zeppelin;L;Woman;Red;"4;16";60
BLeZ05WRed;Bluza z nadrukiem Led Zeppelin;XL;Woman;Red;"4;16";60
BLeZ01WGry;Bluza z nadrukiem Led Zeppelin;XS;Woman;Grey;"4;16";60
BLeZ02WGry;Bluza z nadrukiem Led Zeppelin;S;Woman;Grey;"4;16";60
BLeZ03WGry;Bluza z nadrukiem Led Zeppelin;M;Woman;Grey;"4;16";60
BLeZ04WGry;Bluza z nadrukiem Led Zeppelin;L;Woman;Grey;"4;16";60
BLeZ05WGry;Bluza z nadrukiem Led Zeppelin;XL;Woman;Grey;"4;16";60
BLeZ01MBla;Bluza z nadrukiem Led Zeppelin;XS;Man;Black;"4;16";60
BLeZ02MBla;Bluza z nadrukiem Led Zeppelin;S;Man;Black;"4;16";60
BLeZ03MBla;Bluza z nadrukiem Led Zeppelin;M;Man;Black;"4;16";60
BLeZ04MBla;Bluza z nadrukiem Led Zeppelin;L;Man;Black;"4;16";60
BLeZ05MBla;Bluza z nadrukiem Led Zeppelin;XL;Man;Black;"4;16";60
BLeZ01MWhi;Bluza z nadrukiem Led Zeppelin;XS;Man;White;"4;16";60
BLeZ02MWhi;Bluza z nadrukiem Led Zeppelin;S;Man;White;"4;16";60
BLeZ03MWhi;Bluza z nadrukiem Led Zeppelin;M;Man;White;"4;16";60
BLeZ04MWhi;Bluza z nadrukiem Led Zeppelin;L;Man;White;"4;16";60
BLeZ05MWhi;Bluza z nadrukiem Led Zeppelin;XL;Man;White;"4;16";60
BLeZ01MGry;Bluza z nadrukiem Led Zeppelin;XS;Man;Grey;"4;16";60
BLeZ02MGry;Bluza z nadrukiem Led Zeppelin;S;Man;Grey;"4;16";60
BLeZ03MGry;Bluza z nadrukiem Led Zeppelin;M;Man;Grey;"4;16";60
BLeZ04MGry;Bluza z nadrukiem Led Zeppelin;L;Man;Grey;"4;16";60
BLeZ05MGry;Bluza z nadrukiem Led Zeppelin;XL;Man;Grey;"4;16";60
BQeN01WBla;Bluza z nadrukiem Queen;XS;Woman;Black;"4;17";60
BQeN02WBla;Bluza z nadrukiem Queen;S;Woman;Black;"4;17";60
BQeN03WBla;Bluza z nadrukiem Queen;M;Woman;Black;"4;17";60
BQeN04WBla;Bluza z nadrukiem Queen;L;Woman;Black;"4;17";60
BQeN05WBla;Bluza z nadrukiem Queen;XL;Woman;Black;"4;17";60
BQeN01WRed;Bluza z nadrukiem Queen;XS;Woman;Red;"4;17";60
BQeN02WRed;Bluza z nadrukiem Queen;S;Woman;Red;"4;17";60
BQeN03WRed;Bluza z nadrukiem Queen;M;Woman;Red;"4;17";60
BQeN04WRed;Bluza z nadrukiem Queen;L;Woman;Red;"4;17";60
BQeN05WRed;Bluza z nadrukiem Queen;XL;Woman;Red;"4;17";60
BQeN01WGry;Bluza z nadrukiem Queen;XS;Woman;Grey;"4;17";60
BQeN02WGry;Bluza z nadrukiem Queen;S;Woman;Grey;"4;17";60
BQeN03WGry;Bluza z nadrukiem Queen;M;Woman;Grey;"4;17";60
BQeN04WGry;Bluza z nadrukiem Queen;L;Woman;Grey;"4;17";60
BQeN05WGry;Bluza z nadrukiem Queen;XL;Woman;Grey;"4;17";60
BQeN01MBla;Bluza z nadrukiem Queen;XS;Man;Black;"4;17";60
BQeN02MBla;Bluza z nadrukiem Queen;S;Man;Black;"4;17";60
BQeN03MBla;Bluza z nadrukiem Queen;M;Man;Black;"4;17";60
BQeN04MBla;Bluza z nadrukiem Queen;L;Man;Black;"4;17";60
BQeN05MBla;Bluza z nadrukiem Queen;XL;Man;Black;"4;17";60
BQeN01MWhi;Bluza z nadrukiem Queen;XS;Man;White;"4;17";60
BQeN02MWhi;Bluza z nadrukiem Queen;S;Man;White;"4;17";60
BQeN03MWhi;Bluza z nadrukiem Queen;M;Man;White;"4;17";60
BQeN04MWhi;Bluza z nadrukiem Queen;L;Man;White;"4;17";60
BQeN05MWhi;Bluza z nadrukiem Queen;XL;Man;White;"4;17";60
BQeN01MGry;Bluza z nadrukiem Queen;XS;Man;Grey;"4;17";60
BQeN02MGry;Bluza z nadrukiem Queen;S;Man;Grey;"4;17";60
BQeN03MGry;Bluza z nadrukiem Queen;M;Man;Grey;"4;17";60
BQeN04MGry;Bluza z nadrukiem Queen;L;Man;Grey;"4;17";60
BQeN05MGry;Bluza z nadrukiem Queen;XL;Man;Grey;"4;17";60
BCzK01WBla;Bluza z nadrukiem Czaszka;XS;Woman;Black;"4;18";60
BCzK02WBla;Bluza z nadrukiem Czaszka;S;Woman;Black;"4;18";60
BCzK03WBla;Bluza z nadrukiem Czaszka;M;Woman;Black;"4;18";60
BCzK04WBla;Bluza z nadrukiem Czaszka;L;Woman;Black;"4;18";60
BCzK05WBla;Bluza z nadrukiem Czaszka;XL;Woman;Black;"4;18";60
BCzK01WPin;Bluza z nadrukiem Czaszka;XS;Woman;Pink;"4;18";60
BCzK02WPin;Bluza z nadrukiem Czaszka;S;Woman;Pink;"4;18";60
BCzK03WPin;Bluza z nadrukiem Czaszka;M;Woman;Pink;"4;18";60
BCzK04WPin;Bluza z nadrukiem Czaszka;L;Woman;Pink;"4;18";60
BCzK05WPin;Bluza z nadrukiem Czaszka;XL;Woman;Pink;"4;18";60
BCzK01WGry;Bluza z nadrukiem Czaszka;XS;Woman;Grey;"4;18";60
BCzK02WGry;Bluza z nadrukiem Czaszka;S;Woman;Grey;"4;18";60
BCzK03WGry;Bluza z nadrukiem Czaszka;M;Woman;Grey;"4;18";60
BCzK04WGry;Bluza z nadrukiem Czaszka;L;Woman;Grey;"4;18";60
BCzK05WGry;Bluza z nadrukiem Czaszka;XL;Woman;Grey;"4;18";60
BCzK01MBla;Bluza z nadrukiem Czaszka;XS;Man;Black;"4;18";60
BCzK02MBla;Bluza z nadrukiem Czaszka;S;Man;Black;"4;18";60
BCzK03MBla;Bluza z nadrukiem Czaszka;M;Man;Black;"4;18";60
BCzK04MBla;Bluza z nadrukiem Czaszka;L;Man;Black;"4;18";60
BCzK05MBla;Bluza z nadrukiem Czaszka;XL;Man;Black;"4;18";60
BCzK01MWhi;Bluza z nadrukiem Czaszka;XS;Man;White;"4;18";60
BCzK02MWhi;Bluza z nadrukiem Czaszka;S;Man;White;"4;18";60
BCzK03MWhi;Bluza z nadrukiem Czaszka;M;Man;White;"4;18";60
BCzK04MWhi;Bluza z nadrukiem Czaszka;L;Man;White;"4;18";60
BCzK05MWhi;Bluza z nadrukiem Czaszka;XL;Man;White;"4;18";60
BCzK01MGry;Bluza z nadrukiem Czaszka;XS;Man;Grey;"4;18";60
BCzK02MGry;Bluza z nadrukiem Czaszka;S;Man;Grey;"4;18";60
BCzK03MGry;Bluza z nadrukiem Czaszka;M;Man;Grey;"4;18";60
BCzK04MGry;Bluza z nadrukiem Czaszka;L;Man;Grey;"4;18";60
BCzK05MGry;Bluza z nadrukiem Czaszka;XL;Man;Grey;"4;18";60
BSeC01WBla;Bluza z nadrukiem Serce;XS;Woman;Black;"4;19";60
BSeC02WBla;Bluza z nadrukiem Serce;S;Woman;Black;"4;19";60
BSeC03WBla;Bluza z nadrukiem Serce;M;Woman;Black;"4;19";60
BSeC04WBla;Bluza z nadrukiem Serce;L;Woman;Black;"4;19";60
BSeC05WBla;Bluza z nadrukiem Serce;XL;Woman;Black;"4;19";60
BSeC01WWhi;Bluza z nadrukiem Serce;XS;Woman;White;"4;19";60
BSeC02WWhi;Bluza z nadrukiem Serce;S;Woman;White;"4;19";60
BSeC03WWhi;Bluza z nadrukiem Serce;M;Woman;White;"4;19";60
BSeC04WWhi;Bluza z nadrukiem Serce;L;Woman;White;"4;19";60
BSeC05WWhi;Bluza z nadrukiem Serce;XL;Woman;White;"4;19";60
BSeC01WGry;Bluza z nadrukiem Serce;XS;Woman;Grey;"4;19";60
BSeC02WGry;Bluza z nadrukiem Serce;S;Woman;Grey;"4;19";60
BSeC03WGry;Bluza z nadrukiem Serce;M;Woman;Grey;"4;19";60
BSeC04WGry;Bluza z nadrukiem Serce;L;Woman;Grey;"4;19";60
BSeC05WGry;Bluza z nadrukiem Serce;XL;Woman;Grey;"4;19";60
BSeC01WPin;Bluza z nadrukiem Serce;XS;Woman;Pink;"4;19";60
BSeC02WPin;Bluza z nadrukiem Serce;S;Woman;Pink;"4;19";60
BSeC03WPin;Bluza z nadrukiem Serce;M;Woman;Pink;"4;19";60
BSeC04WPin;Bluza z nadrukiem Serce;L;Woman;Pink;"4;19";60
BSeC05WPin;Bluza z nadrukiem Serce;XL;Woman;Pink;"4;19";60
BSeC01MBla;Bluza z nadrukiem Serce;XS;Man;Black;"4;19";60
BSeC02MBla;Bluza z nadrukiem Serce;S;Man;Black;"4;19";60
BSeC03MBla;Bluza z nadrukiem Serce;M;Man;Black;"4;19";60
BSeC04MBla;Bluza z nadrukiem Serce;L;Man;Black;"4;19";60
BSeC05MBla;Bluza z nadrukiem Serce;XL;Man;Black;"4;19";60
BSeC01MWhi;Bluza z nadrukiem Serce;XS;Man;White;"4;19";60
BSeC02MWhi;Bluza z nadrukiem Serce;S;Man;White;"4;19";60
BSeC03MWhi;Bluza z nadrukiem Serce;M;Man;White;"4;19";60
BSeC04MWhi;Bluza z nadrukiem Serce;L;Man;White;"4;19";60
BSeC05MWhi;Bluza z nadrukiem Serce;XL;Man;White;"4;19";60
BSeC01MGry;Bluza z nadrukiem Serce;XS;Man;Grey;"4;19";60
BSeC02MGry;Bluza z nadrukiem Serce;S;Man;Grey;"4;19";60
BSeC03MGry;Bluza z nadrukiem Serce;M;Man;Grey;"4;19";60
BSeC04MGry;Bluza z nadrukiem Serce;L;Man;Grey;"4;19";60
BSeC05MGry;Bluza z nadrukiem Serce;XL;Man;Grey;"4;19";60
BPlS01WBla;Bluza z nadrukiem Platki Sniegu;XS;Woman;Black;"4;20";60
BPlS02WBla;Bluza z nadrukiem Platki Sniegu;S;Woman;Black;"4;20";60
BPlS03WBla;Bluza z nadrukiem Platki Sniegu;M;Woman;Black;"4;20";60
BPlS04WBla;Bluza z nadrukiem Platki Sniegu;L;Woman;Black;"4;20";60
BPlS05WBla;Bluza z nadrukiem Platki Sniegu;XL;Woman;Black;"4;20";60
BPlS01WWhi;Bluza z nadrukiem Platki Sniegu;XS;Woman;White;"4;20";60
BPlS02WWhi;Bluza z nadrukiem Platki Sniegu;S;Woman;White;"4;20";60
BPlS03WWhi;Bluza z nadrukiem Platki Sniegu;M;Woman;White;"4;20";60
BPlS04WWhi;Bluza z nadrukiem Platki Sniegu;L;Woman;White;"4;20";60
BPlS05WWhi;Bluza z nadrukiem Platki Sniegu;XL;Woman;White;"4;20";60
BPlS01WGry;Bluza z nadrukiem Platki Sniegu;XS;Woman;Grey;"4;20";60
BPlS02WGry;Bluza z nadrukiem Platki Sniegu;S;Woman;Grey;"4;20";60
BPlS03WGry;Bluza z nadrukiem Platki Sniegu;M;Woman;Grey;"4;20";60
BPlS04WGry;Bluza z nadrukiem Platki Sniegu;L;Woman;Grey;"4;20";60
BPlS05WGry;Bluza z nadrukiem Platki Sniegu;XL;Woman;Grey;"4;20";60
BPlS01WBlu;Bluza z nadrukiem Platki Sniegu;XS;Woman;Blue;"4;20";60
BPlS02WBlu;Bluza z nadrukiem Platki Sniegu;S;Woman;Blue;"4;20";60
BPlS03WBlu;Bluza z nadrukiem Platki Sniegu;M;Woman;Blue;"4;20";60
BPlS04WBlu;Bluza z nadrukiem Platki Sniegu;L;Woman;Blue;"4;20";60
BPlS05WBlu;Bluza z nadrukiem Platki Sniegu;XL;Woman;Blue;"4;20";60
BPlS01MBla;Bluza z nadrukiem Platki Sniegu;XS;Man;Black;"4;20";60
BPlS02MBla;Bluza z nadrukiem Platki Sniegu;S;Man;Black;"4;20";60
BPlS03MBla;Bluza z nadrukiem Platki Sniegu;M;Man;Black;"4;20";60
BPlS04MBla;Bluza z nadrukiem Platki Sniegu;L;Man;Black;"4;20";60
BPlS05MBla;Bluza z nadrukiem Platki Sniegu;XL;Man;Black;"4;20";60
BPlS01MWhi;Bluza z nadrukiem Platki Sniegu;XS;Man;White;"4;20";60
BPlS02MWhi;Bluza z nadrukiem Platki Sniegu;S;Man;White;"4;20";60
BPlS03MWhi;Bluza z nadrukiem Platki Sniegu;M;Man;White;"4;20";60
BPlS04MWhi;Bluza z nadrukiem Platki Sniegu;L;Man;White;"4;20";60
BPlS05MWhi;Bluza z nadrukiem Platki Sniegu;XL;Man;White;"4;20";60
BPlS01MGry;Bluza z nadrukiem Platki Sniegu;XS;Man;Grey;"4;20";60
BPlS02MGry;Bluza z nadrukiem Platki Sniegu;S;Man;Grey;"4;20";60
BPlS03MGry;Bluza z nadrukiem Platki Sniegu;M;Man;Grey;"4;20";60
BPlS04MGry;Bluza z nadrukiem Platki Sniegu;L;Man;Grey;"4;20";60
BPlS05MGry;Bluza z nadrukiem Platki Sniegu;XL;Man;Grey;"4;20";60
